n_groups_rep_ge5,avg_n_obs,avg_lat_std,avg_lon_std,tecnica
9307,8.340926184592242,0.000281340850199387,0.0002822053173691419,dp_eps_1.0
